{
  "type": "flex",
  "altText": "This is a Flex Message",
  "contents": {
    "type": "carousel",
    "contents": [
      {
        "type": "bubble",
        "size": "micro",
        "body": {
          "type": "box",
          "layout": "vertical",
          "contents": [
            {
              "type": "image",
              "url": "https://cdn.discordapp.com/attachments/990901728541044736/991205082907553862/Image-Map-Carousel-01.png",
              "size": "full",
              "aspectMode": "cover",
              "aspectRatio": "1:1.5",
              "gravity": "center"
            },
            {
              "type": "box",
              "layout": "vertical",
              "contents": [],
              "position": "absolute",
              "width": "100%",
              "height": "40%",
              "offsetBottom": "0px",
              "offsetStart": "0px",
              "offsetEnd": "0px"
            },
            {
              "type": "box",
              "layout": "horizontal",
              "contents": [
                {
                  "type": "box",
                  "layout": "vertical",
                  "contents": [
                    {
                      "type": "box",
                      "layout": "horizontal",
                      "contents": [
                        {
                          "type": "text",
                          "text": "คลิก",
                          "size": "lg",
                          "color": "#072340",
                          "weight": "bold"
                        }
                      ]
                    }
                  ],
                  "spacing": "xs"
                }
              ],
              "position": "absolute",
              "offsetBottom": "0px",
              "offsetStart": "0px",
              "offsetEnd": "0px",
              "paddingAll": "16px"
            }
          ],
          "paddingAll": "0px"
        },
        "action": {
          "type": "uri",
          "label": "action",
          "uri": "https://www.stashaway.co.th/th-TH/general-investing"
        }
      },
      {
        "type": "bubble",
        "size": "micro",
        "body": {
          "type": "box",
          "layout": "vertical",
          "contents": [
            {
              "type": "image",
              "url": "https://cdn.discordapp.com/attachments/990901728541044736/991238312243245056/Image-Map-Carousel-02.png",
              "size": "full",
              "aspectMode": "cover",
              "aspectRatio": "1:1.5",
              "gravity": "center"
            },
            {
              "type": "box",
              "layout": "vertical",
              "contents": [],
              "position": "absolute",
              "width": "100%",
              "height": "40%",
              "offsetBottom": "0px",
              "offsetStart": "0px",
              "offsetEnd": "0px"
            },
            {
              "type": "box",
              "layout": "horizontal",
              "contents": [
                {
                  "type": "box",
                  "layout": "vertical",
                  "contents": [
                    {
                      "type": "box",
                      "layout": "horizontal",
                      "contents": [
                        {
                          "type": "text",
                          "text": "คลิก",
                          "size": "lg",
                          "color": "#072340",
                          "weight": "bold"
                        }
                      ]
                    }
                  ],
                  "spacing": "xs"
                }
              ],
              "position": "absolute",
              "offsetBottom": "0px",
              "offsetStart": "0px",
              "offsetEnd": "0px",
              "paddingAll": "16px"
            }
          ],
          "paddingAll": "0px"
        },
        "action": {
          "type": "uri",
          "label": "action",
          "uri": "https://www.stashaway.co.th/th-TH/goal-based-investing"
        }
      },
      {
        "type": "bubble",
        "size": "micro",
        "body": {
          "type": "box",
          "layout": "vertical",
          "contents": [
            {
              "type": "image",
              "url": "https://cdn.discordapp.com/attachments/990901728541044736/991238312452964454/Image-Map-Carousel-03.png",
              "size": "full",
              "aspectMode": "cover",
              "aspectRatio": "1:1.5",
              "gravity": "center"
            },
            {
              "type": "box",
              "layout": "vertical",
              "contents": [],
              "position": "absolute",
              "width": "100%",
              "height": "40%",
              "offsetBottom": "0px",
              "offsetStart": "0px",
              "offsetEnd": "0px"
            },
            {
              "type": "box",
              "layout": "horizontal",
              "contents": [
                {
                  "type": "box",
                  "layout": "vertical",
                  "contents": [
                    {
                      "type": "box",
                      "layout": "horizontal",
                      "contents": [
                        {
                          "type": "text",
                          "text": "คลิก",
                          "size": "lg",
                          "color": "#072340",
                          "weight": "bold"
                        }
                      ]
                    }
                  ],
                  "spacing": "xs"
                }
              ],
              "position": "absolute",
              "offsetBottom": "0px",
              "offsetStart": "0px",
              "offsetEnd": "0px",
              "paddingAll": "16px"
            }
          ],
          "paddingAll": "0px"
        },
        "action": {
          "type": "uri",
          "label": "action",
          "uri": "https://www.stashaway.co.th/th-TH/thematic-portfolios"
        }
      }
    ]
  }
}
